id,firstname,lastname,dob
1,David,Smith,1940-04-10
2,Claire,Taylor,1977-06-14
3,Oliver,Evans,1949-11-09
4,Jack,Davies,1949-09-15
5,James,Johnson,1974-06-11
6,Harry,Brown,1961-08-28
7,Thomas,Wilson,1931-11-06
8,Thomas,Taylor,1944-12-16
9,Alex,Brown,1928-07-02
10,William,Evans,1943-07-30
11,Alex,Evans,1926-07-05
12,Cath,Smith,1948-09-07
13,Charlie,Brown,1959-08-04
14,Alex,Wilson,1933-01-01
15,Cath,Evans,1959-01-24
16,Oscar,Wilson,1945-05-24
17,Charlie,Jones,1997-09-13
18,Bob,Johnson,1961-09-06
19,Cath,Jones,1936-01-05
20,George,Davies,1988-11-29
21,Alex,Johnson,1927-02-21
22,Cath,Brown,1937-04-05
23,Oliver,Smith,1999-06-16
24,James,Evans,1922-08-13
25,Jack,Taylor,1981-01-03
26,George,Taylor,1987-06-28
27,Claire,Johnson,1956-12-14
28,Charlie,Wilson,1973-04-28
29,Thomas,Davies,1989-08-08
30,Jack,Brown,1927-03-13
31,Jack,Smith,1923-02-11
32,Claire,Smith,1986-12-25
33,Bob,Evans,1952-01-16
34,David,Jones,2000-03-15
35,David,Wilson,1937-07-22
36,Thomas,Johnson,1990-07-28
37,Harry,Johnson,1932-09-12
38,Oscar,Johnson,1938-09-12
39,Bob,Jones,1997-04-10
40,David,Brown,1993-10-10
41,David,Taylor,1923-06-27
42,James,Smith,2000-02-05
43,Jacob,Davies,1954-01-06
44,Harry,Smith,1963-05-23
45,Alex,Davies,1997-01-29
46,William,Smith,1922-04-20
47,Bob,Taylor,1963-12-21
48,David,Davies,1923-09-20
49,Oscar,Davies,1984-02-01
50,Bob,Davies,1930-05-25
51,Harry,Jones,1999-10-21
52,Jacob,Brown,2000-06-23
53,James,Davies,1978-09-23
54,Jacob,Taylor,1931-09-19
55,Cath,Taylor,1980-05-16
56,Claire,Jones,1922-07-22
57,George,Evans,1993-07-27
58,Oscar,Taylor,1982-03-30
59,Alex,Jones,1984-11-02
60,Jacob,Wilson,1960-08-08
61,Oliver,Brown,1958-03-26
62,Oliver,Jones,1922-11-19
63,Jack,Johnson,1928-03-24
64,George,Smith,1920-06-05
65,Jack,Jones,1963-10-05
66,Oscar,Evans,1951-04-09
67,George,Johnson,1932-12-20
68,Oliver,Johnson,1947-10-27
69,George,Wilson,1992-03-16
70,William,Wilson,1954-10-19
71,Oliver,Wilson,1929-04-08
72,William,Taylor,1976-01-24
73,Jacob,Jones,1982-01-03
74,Jacob,Smith,1943-01-30
75,William,Johnson,1953-08-23
76,William,Jones,1943-04-08
77,Harry,Wilson,1945-01-08
78,Charlie,Taylor,1931-11-29
79,Alex,Smith,1924-06-20
80,James,Wilson,1947-12-17
81,Harry,Taylor,1951-05-13
82,Charlie,Evans,1959-06-08
83,Oliver,Davies,1959-07-26
84,Claire,Wilson,1925-10-12
85,Harry,Evans,1947-06-09
86,Charlie,Davies,1973-01-16
87,Thomas,Evans,1995-02-28
88,Alex,Taylor,1927-07-29
89,Jack,Evans,1966-05-18
90,Cath,Johnson,1922-09-05
91,Claire,Evans,1923-08-13
92,William,Davies,1988-11-22
93,Cath,Davies,1970-10-26
94,Cath,Wilson,1992-08-23
95,Thomas,Smith,1975-01-24
96,Claire,Brown,1954-08-04
97,George,Jones,1972-04-05
98,Bob,Wilson,1991-11-03
99,Bob,Brown,1998-01-26
100,Charlie,Johnson,1936-07-26
101,Jack,Wilson,1974-08-18
102,Jacob,Johnson,1940-08-30
103,Oscar,Brown,1955-02-25
104,David,Johnson,1936-07-31
105,Charlie,Smith,2000-08-24
106,Bob,Smith,1946-09-04
107,William,Brown,1951-06-24
108,David,Evans,1932-09-21
109,Claire,Davies,1945-04-05
110,James,Taylor,1951-01-08
111,Oscar,Smith,1942-10-27
112,Thomas,Jones,1985-01-18
113,James,Brown,1946-09-13
114,Oscar,Jones,1978-10-10
115,George,Brown,1994-11-28
116,James,Jones,1968-01-04
117,Jacob,Evans,1950-12-13
118,Oliver,Taylor,1974-02-19
119,Thomas,Brown,1948-06-19
120,Harry,Davies,1959-09-07
